,0
chart,96
house,96
astrology,90
would,75
like,64
sign,61
know,55
moon,52
find,52
planets,51
people,49
signs,48
one,47
planet,44
saturn,43
gmc,42
canyon,42
road,42
pluto,38
natal,38
anyone,37
see,37
transits,36
next,36
someone,35
life,34
also,33
aspects,33
generation,31
time,31
first,30
birth,29
placements,28
understand,27
sun,26
etc,26
think,26
way,25
charts,25
houses,24
good,23
mars,23
really,23
mean,22
placement,22
person,22
curious,22
nowhere,21
zodiac,21
high,21
available,21
diagonal,21
torque,21
use,20
youtube,20
venus,20
aquarius,20
taurus,20
looking,19
aspect,19
learn,19
around,19
square,18
things,18
help,18
love,18
even,18
reddit,18
degrees,18
much,17
example,17
something,17
12th,17
com,17
thank,17
rising,17
official,17
say,17
could,17
book,16
sense,16
astrological,16
used,15
11,15
features,15
ever,15
different,15
still,15
get,15
read,15
wondering,15
advanced,15
interpret,15
game,15
want,15
hardware,14
at4x,14
optimized,14
waterproof,14
real,14
